{
  "project_info": {
    "project_number": "236488359466",
    "firebase_url": "https://final-project---test-default-rtdb.firebaseio.com",
    "project_id": "final-project---test",
    "storage_bucket": "final-project---test.appspot.com"
  },
  "client": [
    {
      "client_info": {
        "mobilesdk_app_id": "1:236488359466:android:ad3123a6c97dccdec28d53",
        "android_client_info": {
          "package_name": "com.example.e_barangayadmin"
        }
      },
      "oauth_client": [],
      "api_key": [
        {
          "current_key": "AIzaSyCO4LsNbeijzC9rCNoEO9F_Z2yN1DGUHOw"
        }
      ],
      "services": {
        "appinvite_service": {
          "other_platform_oauth_client": []
        }
      }
    },
    {
      "client_info": {
        "mobilesdk_app_id": "1:236488359466:android:e484b89b14624e65c28d53",
        "android_client_info": {
          "package_name": "com.example.e_barangayclient"
        }
      },
      "oauth_client": [],
      "api_key": [
        {
          "current_key": "AIzaSyCO4LsNbeijzC9rCNoEO9F_Z2yN1DGUHOw"
        }
      ],
      "services": {
        "appinvite_service": {
          "other_platform_oauth_client": []
        }
      }
    },
    {
      "client_info": {
        "mobilesdk_app_id": "1:236488359466:android:bd4f61344f3d72edc28d53",
        "android_client_info": {
          "package_name": "com.example.finalproject"
        }
      },
      "oauth_client": [],
      "api_key": [
        {
          "current_key": "AIzaSyCO4LsNbeijzC9rCNoEO9F_Z2yN1DGUHOw"
        }
      ],
      "services": {
        "appinvite_service": {
          "other_platform_oauth_client": []
        }
      }
    }
  ],
  "configuration_version": "1"
}